Date,Open,Close,High,Low,Volume
4-Jan-16,656.289978,636.98999,657.719971,627.51001,9314500
5-Jan-16,646.859985,633.789978,646.909973,627.650024,5822600
6-Jan-16,622,632.650024,639.789978,620.309998,5329200
7-Jan-16,621.799988,607.940002,630,605.210022,7074900
8-Jan-16,619.659973,607.049988,624.140015,606,5512900
11-Jan-16,612.47998,617.73999,619.849976,598.570007,4891600
12-Jan-16,625.25,617.890015,625.98999,612.23999,4724100
13-Jan-16,620.880005,581.809998,620.880005,579.159973,7655200
14-Jan-16,580.25,593,602.25,569.880005,7238000
15-Jan-16,572.23999,570.179993,584.619995,565.299988,7784500
19-Jan-16,577.090027,574.47998,584,566.450012,4807200
20-Jan-16,564.359985,571.77002,578.450012,547.179993,7966400
21-Jan-16,573.580017,575.02002,588.809998,568.219971,4952200
22-Jan-16,588.72998,596.380005,600.099976,584.109985,5120100
25-Jan-16,597.98999,596.530029,608.5,594.559998,4396100
26-Jan-16,603.450012,601.25,604.5,590.380005,3765700
27-Jan-16,601.98999,583.349976,603.390015,578.780029,5152900
28-Jan-16,608.369995,635.349976,638.059998,597.549988,14015200
29-Jan-16,571.97998,587,593,570,14677600
1-Feb-16,578.150024,574.809998,581.799988,570.309998,6355100
2-Feb-16,570,552.099976,571.559998,550.090027,6312000
3-Feb-16,553.5,531.070007,556,521.900024,10048700
4-Feb-16,525,536.26001,538.98999,519.219971,6199100
5-Feb-16,529.280029,502.130005,529.450012,499.190002,9708900
8-Feb-16,486.470001,488.100006,493.5,475.209991,9825500
9-Feb-16,478.01001,482.070007,498.380005,474,7077900
10-Feb-16,491.76001,490.480011,504.660004,486,6786200
11-Feb-16,491.170013,503.820007,509.299988,484,7397400
12-Feb-16,510.700012,507.079987,516.75,501.48999,5384800
16-Feb-16,519.47998,521.099976,524.450012,511.660004,5118500
17-Feb-16,528.73999,534.099976,537.47998,519.390015,4824000
18-Feb-16,541.190002,525,541.200012,523.72998,4735000
19-Feb-16,520.710022,534.900024,535.950012,515.349976,4974700
22-Feb-16,542.200012,559.5,560.650024,541.080017,5566600
23-Feb-16,555.549988,552.940002,556.909973,545.330017,4050800
24-Feb-16,545.75,554.039978,554.27002,533.150024,6231700
25-Feb-16,555.52002,555.150024,559.390015,545.289978,4525500
26-Feb-16,560.119995,555.22998,562.5,553.169983,4877000
29-Feb-16,554,552.52002,564.809998,552.51001,4145400
1-Mar-16,556.289978,579.039978,579.25,556,5038500
2-Mar-16,581.75,580.210022,585,573.700012,4582200
3-Mar-16,577.960022,577.48999,579.869995,573.109985,2741300
4-Mar-16,581.070007,575.140015,581.400024,571.070007,3416500
7-Mar-16,573.539978,562.799988,573.630005,555.549988,4926900
8-Mar-16,557.869995,560.26001,571.349976,554.73999,4730000
9-Mar-16,559.559998,559.469971,560.349976,550.130005,4377300
10-Mar-16,566.73999,558.929993,567,547.900024,3919900
11-Mar-16,566.950012,569.609985,570.059998,562.72998,3771300
14-Mar-16,567,573.369995,576.890015,563.049988,3454200
15-Mar-16,571,577.02002,581.52002,567,3876800
16-Mar-16,576.640015,574.27002,581.320007,571.140015,3537700
17-Mar-16,569.51001,559.440002,571.400024,555.01001,5928100
18-Mar-16,560.940002,552.080017,562.330017,546.090027,7296900
21-Mar-16,548.909973,553.97998,555.23999,538.580017,5155700
22-Mar-16,545.109985,560.47998,562.76001,545.049988,4000600
23-Mar-16,561,569.630005,572.47998,558.099976,3983700
24-Mar-16,567.109985,582.950012,583.549988,567.080017,5185500
28-Mar-16,584.400024,579.869995,584.75,575.559998,3121500
29-Mar-16,580.150024,593.859985,595.849976,576.5,4392600
30-Mar-16,596.710022,598.690002,603.23999,595,3890500
31-Mar-16,599.280029,593.640015,600.75,592.210022,2681800
1-Apr-16,590.48999,598.5,599.030029,588.299988,2917400
4-Apr-16,599,593.190002,599.5,590.549988,2470800
5-Apr-16,590.77002,586.140015,593.469971,585.25,2308900
6-Apr-16,587.52002,602.080017,602.390015,587.5,2849900
7-Apr-16,598.76001,591.429993,599.599976,589.080017,3189000
8-Apr-16,594.320007,594.599976,597.859985,589,2591900
11-Apr-16,596.140015,595.929993,604,594.909973,2704300
12-Apr-16,598.400024,603.169983,604.059998,592.309998,2641100
13-Apr-16,607.679993,614.820007,616.809998,605.289978,4228300
14-Apr-16,615.070007,620.75,624.380005,615.070007,3512100
15-Apr-16,621.919983,625.890015,626.77002,618.109985,2887700
18-Apr-16,625.349976,635.349976,637.640015,624.960022,4360900
19-Apr-16,637.140015,627.900024,638.01001,620.799988,4055900
20-Apr-16,630,632.98999,636.549988,623,2609400
21-Apr-16,631,631,637.820007,628.5,2596300
22-Apr-16,624.469971,620.5,628.25,611.559998,5083900
25-Apr-16,616.609985,626.200012,626.97998,616.25,2682900
26-Apr-16,626.169983,616.880005,626.75,614.880005,2521400
27-Apr-16,611.799988,606.570007,615.950012,601.280029,4068800
28-Apr-16,615.539978,602,626.799988,599.200012,7872600
29-Apr-16,666,659.590027,669.97998,654,10310700
2-May-16,663.919983,683.849976,685.5,662.030029,6578500
3-May-16,677.359985,671.320007,680.299988,670.429993,4923400
4-May-16,662.590027,670.900024,674,662.140015,4635500
5-May-16,673.309998,659.090027,676.48999,656,4884100
6-May-16,656.049988,673.950012,676.950012,656.01001,4365300
9-May-16,673.950012,679.75,686.97998,671.409973,3982200
10-May-16,694,703.070007,704.549988,693.5,6105600
11-May-16,705.789978,713.22998,719,701.650024,7338200
12-May-16,717.380005,717.929993,722.450012,711.51001,5048200
13-May-16,714.640015,709.919983,719.25,706.51001,4763400
16-May-16,710.130005,710.659973,713.25,700.280029,5432900
17-May-16,709.900024,695.27002,714.469971,693.909973,5121400
18-May-16,689.559998,697.450012,702.539978,688.76001,4283200
19-May-16,691.880005,698.52002,699.400024,689.559998,3025600
20-May-16,701.049988,702.799988,707.23999,700,2916200
23-May-16,704.25,696.75,706,696.419983,2595100
24-May-16,698.01001,704.200012,707.5,698,3033800
25-May-16,708,708.349976,710.859985,705.52002,3267700
26-May-16,708.330017,714.909973,715,707.289978,2446700
27-May-16,715,712.23999,716.599976,711.099976,2249200
31-May-16,712.330017,722.789978,724.22998,711.320007,3618300
1-Jun-16,720.900024,719.440002,726.429993,718.219971,3263100
2-Jun-16,720.969971,728.23999,728.280029,715.5,3026600
3-Jun-16,726.73999,725.539978,727,718.429993,3367300
6-Jun-16,726.5,726.72998,731.5,724.419983,2704800
7-Jun-16,729.890015,723.73999,730,720.549988,2732500
8-Jun-16,726.400024,726.640015,729.419983,721.599976,2223400
9-Jun-16,723.099976,727.650024,728.909973,722.299988,2170300
10-Jun-16,722.349976,717.909973,724.97998,714.210022,3425700
13-Jun-16,714.01001,715.23999,721.98999,711.159973,3352200
14-Jun-16,712.330017,719.299988,720.809998,712.27002,2506900
15-Jun-16,722,714.26001,722.559998,713.349976,2709400
16-Jun-16,712.049988,717.51001,718,705.299988,3098000
17-Jun-16,718.190002,706.390015,718.200012,699.179993,5897800
20-Jun-16,713.5,714.01001,721.309998,710.809998,3677200
21-Jun-16,715.719971,715.820007,718.400024,712.719971,2137500
22-Jun-16,716.580017,710.599976,717,707.570007,2260500
23-Jun-16,715.5,722.080017,722.119995,712.5,2825000
24-Jun-16,693,698.960022,712.530029,692.200012,7632500
27-Jun-16,692.01001,691.359985,696.820007,682.119995,5568000
28-Jun-16,700,707.950012,708,698.169983,4037000
29-Jun-16,715.75,715.599976,719.5,713.539978,3070100
30-Jun-16,717.200012,715.619995,719.369995,712.539978,2855100
1-Jul-16,717.320007,725.679993,728,716.539978,2920400
5-Jul-16,722.799988,728.099976,729.559998,719.609985,2431400
6-Jul-16,725.710022,737.609985,737.77002,722.580017,3938200
7-Jul-16,739.330017,736.570007,739.549988,731.630005,2945800
8-Jul-16,740.140015,745.809998,746.099976,738,3429200
11-Jul-16,750,753.780029,755.900024,747,3195300
12-Jul-16,756.859985,748.210022,757.340027,740.330017,5623700
13-Jul-16,746.76001,742.630005,756.869995,741.25,4142300
14-Jul-16,748.859985,741.200012,749.039978,739.02002,2390500
15-Jul-16,746.549988,735.440002,746.549988,734.049988,3121400
18-Jul-16,735.48999,736.070007,741.599976,728.719971,2954900
19-Jul-16,732.5,739.950012,743.330017,732.309998,2216800
20-Jul-16,744,745.719971,746.25,740.700012,2214000
21-Jul-16,747.5,744.429993,749.359985,742.789978,2317100
22-Jul-16,747.789978,744.859985,751.280029,743.530029,2277700
25-Jul-16,746.549988,739.609985,748.5,735.349976,2679300
26-Jul-16,742.710022,735.590027,743.130005,732.75,2529700
27-Jul-16,737.969971,736.669983,740.940002,733.859985,2913100
28-Jul-16,745.97998,752.609985,753.359985,739.700012,7617600
29-Jul-16,765,758.809998,766,755,6777100
1-Aug-16,759.869995,767.73999,770.5,757.059998,3578200
2-Aug-16,763.809998,760.580017,765.01001,757.02002,3603300
3-Aug-16,757.059998,754.640015,758.890015,752.25,3581500
4-Aug-16,753.700012,760.77002,765,750.349976,3178200
5-Aug-16,764.809998,765.97998,768.469971,763.090027,2704400
8-Aug-16,766.809998,766.559998,767,761.02002,1986300
9-Aug-16,767.390015,768.309998,772.599976,766.900024,1876100
10-Aug-16,769.799988,768.559998,772.099976,766.190002,1604300
11-Aug-16,769.940002,771.23999,773.75,769.119995,2019700
12-Aug-16,768.460022,772.559998,773.150024,768.419983,1563300
15-Aug-16,771.900024,768.48999,772.039978,767.710022,2118500
16-Aug-16,768.619995,764.039978,768.72998,763.820007,1604600
17-Aug-16,764.409973,764.630005,765.219971,759.200012,1891100
18-Aug-16,764,764.460022,765.169983,760.599976,1458800
19-Aug-16,761.900024,757.309998,762.48999,756.890015,2343200
22-Aug-16,757.5,759.47998,759.849976,752.099976,1679300
23-Aug-16,763.309998,762.450012,764.700012,761,1524100
24-Aug-16,763,757.25,763.409973,755.359985,1744100
25-Aug-16,756,759.219971,760.559998,754.73999,1623000
26-Aug-16,760.049988,769,770,759.799988,2776800
29-Aug-16,768.719971,771.289978,774.97998,768.599976,2198600
30-Aug-16,771.049988,767.580017,771.840027,765.559998,1709200
31-Aug-16,766.599976,769.159973,769.640015,764,1633800
1-Sep-16,770.900024,770.619995,772.039978,766.75,1792300
2-Sep-16,774.109985,772.440002,776,771.700012,2181800
6-Sep-16,774.039978,788.869995,789.47998,770.219971,3719800
7-Sep-16,789.530029,784.47998,790.789978,784.330017,2424600
8-Sep-16,783.890015,784.059998,786.5,781.440002,2030500
9-Sep-16,779.359985,760.140015,781,760.109985,4257300
12-Sep-16,757.349976,771.48999,772.659973,756,3124700
13-Sep-16,768.77002,761.01001,769.890015,759.049988,3117200
14-Sep-16,762.200012,761.090027,767.5,758.849976,2523000
15-Sep-16,762,769.690002,770.869995,757.580017,3034000
16-Sep-16,773.280029,778.52002,780.460022,771.659973,5499200
19-Sep-16,779.969971,775.099976,781.940002,771,2297200
20-Sep-16,776,780.219971,781.369995,776,1937200
21-Sep-16,783.25,789.73999,790.690002,779.01001,2718600
22-Sep-16,794.27002,804.700012,805.890015,794.27002,4078900
23-Sep-16,803.130005,805.75,807.75,802.119995,2353500
26-Sep-16,801.799988,799.159973,805.929993,797.150024,2651400
27-Sep-16,801.849976,816.109985,816.640015,801.109985,3819600
28-Sep-16,818,828.719971,830.140015,817.030029,4422100
29-Sep-16,828.26001,829.049988,837.5,824.630005,4922200
30-Sep-16,832.609985,837.309998,839.950012,832.400024,4430600
3-Oct-16,836,836.73999,839.859985,831.25,2769400
4-Oct-16,840.909973,834.030029,842.369995,830.26001,2950300
5-Oct-16,838,844.359985,845.669983,836.119995,3469100
6-Oct-16,843.700012,841.659973,847.210022,840.599976,2684000
7-Oct-16,845.789978,839.429993,845.950012,837.450012,2426200
10-Oct-16,843.25,841.710022,845.200012,840.27002,1827100
11-Oct-16,841.02002,831,841.289978,828.349976,3588200
12-Oct-16,834,834.090027,837.669983,830.099976,2380400
13-Oct-16,829,829.280029,831.799988,821.210022,3091400
14-Oct-16,835.080017,822.960022,835.73999,822.960022,2999800
17-Oct-16,821.5,812.950012,822,811.679993,3361500
18-Oct-16,822.109985,817.650024,823.26001,815.02002,2512500
19-Oct-16,820.400024,817.690002,820.669983,815.169983,2090700
20-Oct-16,813.98999,810.320007,815.710022,803.099976,3152000
21-Oct-16,809.359985,818.98999,819.419983,809,2793000
24-Oct-16,824.950012,838.090027,838.299988,822.210022,4060900
25-Oct-16,839.299988,835.179993,843.090027,833.219971,3248400
26-Oct-16,832.76001,822.590027,833.440002,820,3998100
27-Oct-16,831.23999,818.359985,831.719971,815.429993,7406400
28-Oct-16,782,776.320007,789.48999,774.609985,10841100
31-Oct-16,781.030029,789.820007,793.700012,780.109985,5413300
1-Nov-16,799,785.409973,800.840027,776.710022,5305400
2-Nov-16,783.929993,765.559998,784.75,763.549988,5026500
3-Nov-16,765.049988,767.030029,777,764,3872500
4-Nov-16,762.789978,755.049988,766,753.22998,5122100
7-Nov-16,771.640015,784.929993,787.72998,770.940002,5984400
8-Nov-16,784.969971,787.75,791.73999,779.099976,3412600
9-Nov-16,764,771.880005,777.5,760.090027,8562900
10-Nov-16,778.809998,742.380005,778.830017,717.700012,12747000
11-Nov-16,735.72998,739.01001,743.26001,728.900024,6622800
14-Nov-16,745.51001,719.070007,746,710.099976,7321300
15-Nov-16,730,743.23999,746.780029,725.98999,6755800
16-Nov-16,739.880005,746.48999,749.869995,735.609985,3648800
17-Nov-16,749.320007,756.400024,757.5,748,3690100
18-Nov-16,761,760.159973,767.73999,757.640015,4373400
21-Nov-16,766,780,780.349976,765.109985,4614600
22-Nov-16,788.169983,785.330017,792.400024,781,5311300
23-Nov-16,781.72998,780.119995,781.75,773.119995,3540300
25-Nov-16,786.5,780.369995,786.75,777.900024,1837100
28-Nov-16,776.98999,766.77002,777,764.23999,4438800
29-Nov-16,768,762.52002,769.890015,761.320007,3272300
30-Nov-16,762,750.570007,768.090027,750.25,4625900
1-Dec-16,752.409973,743.650024,753.369995,738.030029,4666000
2-Dec-16,743.400024,740.340027,748.48999,736.700012,3561300
5-Dec-16,745,759.359985,761.48999,742,4314700
6-Dec-16,763.98999,764.719971,768.23999,757.25,3794700
7-Dec-16,764.549988,770.419983,770.419983,755.820007,3684900
8-Dec-16,771.869995,767.330017,773.789978,765.190002,3189600
9-Dec-16,770,768.659973,770.25,765.340027,2470900
12-Dec-16,766.400024,760.119995,766.890015,757.200012,2963900
13-Dec-16,764.960022,774.340027,782.460022,762,5285300
14-Dec-16,778.25,768.820007,780.859985,762.809998,5454800
15-Dec-16,766.280029,761,769.099976,760.309998,3801900
16-Dec-16,765,757.77002,765.130005,754,4848200
19-Dec-16,758.890015,766,770.5,756.159973,3113200
20-Dec-16,768.650024,771.219971,774.390015,767.710022,2703600
21-Dec-16,770,770.599976,771.219971,765.700012,2044600
22-Dec-16,768.119995,766.340027,771.210022,763.02002,2543600
23-Dec-16,764.549988,760.590027,766.5,757.98999,1981600
27-Dec-16,763.400024,771.400024,774.650024,761.200012,2638700
28-Dec-16,776.25,772.130005,780,770.5,3301000
29-Dec-16,772.400024,765.150024,773.400024,760.849976,3158300
30-Dec-16,766.469971,749.869995,767.400024,748.280029,4139400
3-Jan-17,757.919983,753.669983,758.76001,747.700012,3521100
4-Jan-17,758.390015,757.179993,759.679993,754.200012,2510500
5-Jan-17,761.549988,780.450012,782.400024,760.26001,5830100
6-Jan-17,782.359985,795.98999,799.440002,778.47998,5986200
9-Jan-17,798,796.919983,801.77002,791.77002,3446100
10-Jan-17,796.599976,795.900024,798,789.539978,2558400
11-Jan-17,793.659973,799.02002,799.5,789.51001,2992800
12-Jan-17,800.309998,813.640015,814.130005,799.5,4873900
13-Jan-17,814.320007,817.140015,821.650024,811.400024,3791900
17-Jan-17,815.700012,809.719971,816,803.440002,3670500
18-Jan-17,809.5,807.47998,811.72998,804.27002,2354200
19-Jan-17,810,809.039978,813.51001,807.320007,2540800
20-Jan-17,815.280029,808.330017,816.02002,806.26001,3376200
23-Jan-17,806.799988,817.880005,818.5,805.080017,2797500
24-Jan-17,822,822.440002,823.98999,814.5,2971700
25-Jan-17,825.789978,836.52002,837.419983,825.289978,3922600
26-Jan-17,835.530029,839.150024,843.840027,833,3586300
27-Jan-17,839,835.77002,839.700012,829.440002,2998700
30-Jan-17,833,830.380005,833.5,816.380005,3747300
31-Jan-17,823.75,823.47998,826.98999,819.559998,3137200
1-Feb-17,829.210022,832.349976,833.780029,824.940002,3850200
2-Feb-17,836.590027,839.950012,842.48999,828.26001,7350500
3-Feb-17,806.719971,810.200012,818.299988,804,10868800
6-Feb-17,809.799988,807.640015,810.719971,803,3897300
7-Feb-17,809.309998,812.5,816.159973,807.5,3466100
8-Feb-17,812.690002,819.710022,821.47998,812.5,2858000
9-Feb-17,821.599976,821.359985,825,819.710022,2484900
10-Feb-17,823.820007,827.460022,828,822.849976,2429600
13-Feb-17,831.619995,836.530029,843,828.549988,4172600
14-Feb-17,837,836.390015,838.309998,831.450012,2792400
15-Feb-17,834,842.700012,842.809998,832.820007,2968900
16-Feb-17,841.840027,844.140015,845,839.380005,2714700
17-Feb-17,842,845.070007,847.27002,840.72998,3112300
21-Feb-17,848.840027,856.440002,857.97998,847.25,3507700
22-Feb-17,856.950012,855.609985,858.429993,852.179993,2617000
23-Feb-17,857.570007,852.190002,860.859985,848,3462000
24-Feb-17,844.690002,845.23999,845.809998,837.75,3688000
27-Feb-17,842.380005,848.640015,852.5,839.669983,2713600
28-Feb-17,851.450012,845.039978,854.090027,842.049988,2793700
1-Mar-17,853.049988,853.080017,854.830017,849.01001,2760100
2-Mar-17,853.080017,848.909973,854.820007,847.280029,2132100
3-Mar-17,847.200012,849.880005,851.98999,846.27002,1941100
6-Mar-17,845.22998,846.609985,848.48999,841.119995,2610400
7-Mar-17,845.47998,846.02002,848.460022,843.75,2247600
8-Mar-17,848,850.5,853.070007,846.789978,2286500
9-Mar-17,851,853,856.400024,850.309998,2048200
10-Mar-17,857,852.460022,857.349976,851.719971,2436400
13-Mar-17,851.77002,854.590027,855.690002,851.710022,1909700
14-Mar-17,853.549988,852.530029,853.75,847.549988,2130600
15-Mar-17,854.330017,852.969971,854.450012,847.109985,2562200
16-Mar-17,855.299988,853.419983,855.5,850.51001,1842300
17-Mar-17,853.48999,852.309998,853.830017,850.640015,3384400
20-Mar-17,851.51001,856.969971,857.799988,851.01001,2282700
21-Mar-17,858.840027,843.200012,862.799988,841.309998,4382900
22-Mar-17,840.429993,848.059998,849.369995,839.049988,2658700
23-Mar-17,848.200012,847.380005,850.890015,844.799988,1953000
24-Mar-17,851.679993,845.609985,851.799988,843.530029,2138300
27-Mar-17,838.070007,846.820007,850.299988,833.5,2755800
28-Mar-17,851.75,856,858.460022,850.099976,3041600
29-Mar-17,859.049988,874.320007,876.440002,859.02002,4485800
30-Mar-17,874.950012,876.340027,877.059998,871.659973,2762700
31-Mar-17,877,886.539978,890.349976,876.650024,3957600
3-Apr-17,888,891.51001,893.48999,885.419983,3422300
4-Apr-17,891.5,906.830017,908.539978,890.280029,4984700
5-Apr-17,910.820007,909.280029,923.719971,905.619995,7508400
6-Apr-17,913.799988,898.280029,917.190002,894.48999,6344100
7-Apr-17,899.650024,894.880005,900.090027,889.309998,3710900
10-Apr-17,899.630005,907.039978,908.51001,899,3184300
11-Apr-17,907.039978,902.359985,911.23999,897.5,3012700
12-Apr-17,903.090027,896.22998,904.090027,895.25,2456100
13-Apr-17,891.450012,884.669983,894.969971,884.48999,3174600
17-Apr-17,887.5,901.98999,902.380005,887.5,2854700
18-Apr-17,900.98999,903.780029,909.609985,900.780029,2999200
19-Apr-17,907.840027,899.200012,910.5,897.369995,2870200
20-Apr-17,899.700012,902.059998,905.320007,896.289978,2814400
21-Apr-17,902.669983,898.530029,903.650024,896.77002,2420500
24-Apr-17,908.679993,907.409973,909.98999,903.820007,3122900
25-Apr-17,907.039978,907.619995,909.47998,903,3380600
26-Apr-17,910.299988,909.289978,915.75,907.559998,2608900
27-Apr-17,914.390015,918.380005,921.859985,912.109985,5305500
28-Apr-17,948.830017,924.98999,949.590027,924.330017,7364700
1-May-17,927.799988,948.22998,954.400024,927.799988,5466500
2-May-17,946.650024,946.940002,950.099976,941.409973,3848800
3-May-17,946,941.030029,946,935.900024,3582700
4-May-17,944.75,937.530029,945,934.219971,2418400
5-May-17,940.52002,934.150024,940.789978,930.299988,2866400
8-May-17,940.950012,949.039978,949.049988,939.210022,3415700
9-May-17,952.799988,952.820007,957.890015,950.200012,3262100
10-May-17,953.5,948.950012,953.75,945,2096500
11-May-17,945.109985,947.619995,950.289978,940.780029,2194100
12-May-17,954.5,961.349976,962.789978,951.530029,3625900
15-May-17,958.72998,957.969971,963.150024,956.059998,4270600
16-May-17,961,966.070007,970.059998,960.909973,3126100
17-May-17,954.700012,944.76001,960.400024,944.119995,5145600
18-May-17,944.799988,958.48999,962.75,944.76001,3939300
19-May-17,962.840027,959.840027,968.919983,959.719971,3972100
22-May-17,964,970.669983,971.380005,962.900024,2642200
23-May-17,975.02002,971.539978,975.200012,966.849976,2415600
24-May-17,976,980.349976,981,970.22998,2446000
25-May-17,984.849976,993.380005,999,982.109985,4822000
26-May-17,995,995.780029,998.650024,989.25,3469200
30-May-17,996.51001,996.700012,1001.200012,995.52002,3263100
31-May-17,1000,994.619995,1000.119995,982.159973,3913100
1-Jun-17,998.590027,995.950012,998.98999,991.369995,2454800
2-Jun-17,998.98999,1006.72998,1008.47998,995.669983,3752300
5-Jun-17,1007.22998,1011.340027,1013.210022,1003.51001,2719900
6-Jun-17,1012,1003,1016.5,1001.25,3346400
7-Jun-17,1005.950012,1010.070007,1010.25,1002,2823000
8-Jun-17,1012.059998,1010.27002,1013.609985,1006.109985,2767900
9-Jun-17,1012.5,978.309998,1012.98999,927,7647700
12-Jun-17,967,964.909973,975.950012,945,9447200
13-Jun-17,977.98999,980.789978,984.5,966.099976,4580000
14-Jun-17,988.590027,976.469971,990.340027,966.710022,3974900
15-Jun-17,958.700012,964.169983,965.72998,950.859985,5373900
16-Jun-17,996,987.710022,999.75,982,11472700
19-Jun-17,1017,995.169983,1017,989.900024,5043400
20-Jun-17,998,992.590027,1004.880005,992.02002,4076800
21-Jun-17,998.700012,1002.22998,1002.719971,992.650024,2922500
22-Jun-17,1002.22998,1001.299988,1006.960022,997.200012,2253400
23-Jun-17,1002.539978,1003.73999,1004.619995,998.02002,2879100
26-Jun-17,1008.5,993.97998,1009.799988,992,3386200
27-Jun-17,990.690002,976.780029,998.799988,976,3782400
28-Jun-17,978.549988,990.330017,990.679993,969.210022,3737600
29-Jun-17,979,975.929993,987.559998,965.25,4303000
30-Jun-17,980.119995,968,983.469971,967.609985,3390300
3-Jul-17,972.789978,953.659973,974.48999,951,2909100
5-Jul-17,961.530029,971.400024,975,955.25,3653000
6-Jul-17,964.659973,965.140015,974.400024,959.02002,3259600
7-Jul-17,969.549988,978.76001,980.109985,969.140015,2643400
10-Jul-17,985,996.469971,999.440002,983.5,3546300
11-Jul-17,993,994.130005,995.98999,983.719971,2982700
12-Jul-17,1000.650024,1006.51001,1008.549988,998.099976,3608600
13-Jul-17,1004.619995,1000.630005,1006.880005,995.900024,2880800
14-Jul-17,1002.400024,1001.809998,1004.450012,996.890015,2102500
17-Jul-17,1004.690002,1010.039978,1014.75,1003.809998,3712600
18-Jul-17,1006,1024.449951,1026.030029,1004,4007600
19-Jul-17,1025,1026.869995,1031.589966,1022.5,2964000
20-Jul-17,1031.589966,1028.699951,1034.969971,1022.52002,3097500
21-Jul-17,1021.280029,1025.670044,1026.099976,1011,2734600
24-Jul-17,1028.339966,1038.949951,1043.01001,1027.430054,3288000
25-Jul-17,1038.050049,1039.869995,1043.329956,1032.47998,2447600
26-Jul-17,1043.199951,1052.800049,1053.199951,1043.199951,2921300
27-Jul-17,1069.550049,1046,1083.310059,1040.180054,10991700
28-Jul-17,1012.140015,1020.039978,1032.849976,1001,7709400
31-Jul-17,1019.049988,987.780029,1019.049988,987.02002,7352100
1-Aug-17,996.109985,996.190002,1006.400024,991.580017,4572600
2-Aug-17,1001.77002,995.890015,1003.210022,981.72998,4070000
3-Aug-17,999.469971,986.919983,999.5,984.590027,3255800
4-Aug-17,989.679993,987.580017,991.669983,982,2730300
7-Aug-17,990.650024,992.27002,995,987.140015,2676600
8-Aug-17,994.349976,989.840027,996.280029,985.789978,2902800
9-Aug-17,982.599976,982.01001,988,975.27002,3569700
10-Aug-17,976.299988,956.919983,979.859985,954.679993,5684100
11-Aug-17,960,967.98999,970.390015,951.380005,3468000
14-Aug-17,978.409973,983.299988,985.5,976.190002,3172900
15-Aug-17,988.900024,982.73999,991.73999,982,2549300
16-Aug-17,981.650024,978.179993,986.460022,973.219971,3132100
17-Aug-17,977.840027,960.570007,977.840027,960.320007,3512400
18-Aug-17,961.400024,958.469971,965.429993,954.650024,3284800
21-Aug-17,957.570007,953.289978,961.200012,945.460022,3164500
22-Aug-17,955.52002,966.900024,967.929993,955.5,2750000
23-Aug-17,959.380005,958,962,954.200012,2668300
24-Aug-17,957.419983,952.450012,959,941.140015,5195700
25-Aug-17,956,945.26001,957.619995,944.099976,3324800
28-Aug-17,946.539978,946.02002,953,942.25,2596700
29-Aug-17,940,954.059998,956,936.330017,2874300
30-Aug-17,958.440002,967.590027,969.409973,956.909973,2904600
31-Aug-17,974.700012,980.599976,981,972.76001,3331500
1-Sep-17,984.200012,978.25,984.5,976.880005,2535900
5-Sep-17,975.400024,965.27002,976.77002,960.369995,2883200
6-Sep-17,968.320007,967.799988,971.840027,960.599976,2129900
7-Sep-17,974,979.469971,980.590027,972.549988,2566800
8-Sep-17,979.099976,965.900024,979.880005,963.469971,2605300
11-Sep-17,974.460022,977.960022,981.940002,974.219971,2186700
12-Sep-17,983.27002,982.580017,984.669983,975.52002,2481100
13-Sep-17,983.969971,999.599976,1000,979.419983,3374700
14-Sep-17,996.799988,992.210022,998.559998,987.73999,3913300
15-Sep-17,993.01001,986.789978,996.25,984.030029,3760200
18-Sep-17,990.400024,974.190002,992.789978,968.169983,3411300
19-Sep-17,977.25,969.859985,978.23999,967.460022,2671100
20-Sep-17,971.789978,973.210022,974.809998,962.159973,2888800
21-Sep-17,971.309998,964.650024,971.700012,962.02002,2337600
22-Sep-17,961.01001,955.099976,965.609985,954.419983,2641800
25-Sep-17,949.309998,939.789978,949.419983,932.890015,5124000
26-Sep-17,945.48999,938.599976,948.630005,931.75,3564800
27-Sep-17,948,950.869995,955.299988,943.299988,3148900
28-Sep-17,951.859985,956.400024,959.700012,950.099976,2522600
29-Sep-17,960.109985,961.349976,964.830017,958.380005,2543800
2-Oct-17,964,959.190002,967.309998,952.119995,2442900
3-Oct-17,958,957.099976,963.690002,950.369995,2666600
4-Oct-17,954.210022,965.450012,967.789978,954.049988,2527400
5-Oct-17,970,980.849976,981.51001,969.640015,3229200
6-Oct-17,975.640015,989.580017,995.75,975.640015,3782100
9-Oct-17,993.23999,990.98999,998.5,987.5,2938600
10-Oct-17,996.669983,987.200012,997.950012,980.099976,3084900
11-Oct-17,991.27002,995,995.5,986.700012,2337100
12-Oct-17,996.809998,1000.929993,1008.440002,992.400024,4067300
13-Oct-17,1007,1002.940002,1007.77002,1001.030029,2431500
16-Oct-17,1008.440002,1006.340027,1009.570007,1001.039978,2008900
17-Oct-17,1005.590027,1009.130005,1011.469971,1004.380005,2319700
18-Oct-17,1009.27002,997,1022.309998,996.549988,2499700
19-Oct-17,990,986.609985,991.049988,980.23999,3108200
20-Oct-17,993.530029,982.909973,994.619995,982,2365100
23-Oct-17,986.72998,966.299988,986.780029,962.5,3494100
24-Oct-17,969,975.900024,979.849976,965,2723900
25-Oct-17,978,972.909973,984.440002,966.23999,3033100
26-Oct-17,980.330017,972.429993,982.900024,968.549988,5618700
27-Oct-17,1058.140015,1100.949951,1105.579956,1050.550049,16565000
30-Oct-17,1095.01001,1110.849976,1122.790039,1093.560059,6613100
31-Oct-17,1109,1105.280029,1110.540039,1101.119995,3477000
1-Nov-17,1105.400024,1103.680054,1108.969971,1096.73999,3755500
2-Nov-17,1097.810059,1094.219971,1101.939941,1086.869995,3684900
3-Nov-17,1091.150024,1111.599976,1112.680054,1088.52002,3751500
6-Nov-17,1109.150024,1120.660034,1125.410034,1108.77002,3381100
7-Nov-17,1124.73999,1123.170044,1130.599976,1117.5,2689000
8-Nov-17,1122.819946,1132.880005,1135.540039,1119.109985,2581500
9-Nov-17,1125.959961,1129.130005,1129.619995,1115.77002,3732700
10-Nov-17,1126.099976,1125.349976,1131.75,1124.060059,2179900
13-Nov-17,1123,1129.170044,1139.900024,1122.339966,2918400
14-Nov-17,1130.109985,1136.839966,1138,1123.890015,3138400
15-Nov-17,1127.01001,1126.689941,1131.75,1121.630005,3928700
16-Nov-17,1130.160034,1137.290039,1138.160034,1130.050049,2213300
17-Nov-17,1138.280029,1129.880005,1138.800049,1125.810059,2413400
20-Nov-17,1129.77002,1126.310059,1133.420044,1122.550049,2163900
21-Nov-17,1132.859985,1139.48999,1140,1128.199951,2479400
22-Nov-17,1141,1156.160034,1160.27002,1141,3555300
24-Nov-17,1160.699951,1186,1186.839966,1160.699951,3528000
27-Nov-17,1202.660034,1195.829956,1213.410034,1191.150024,6744000
28-Nov-17,1204.880005,1193.599976,1205.339966,1188.52002,4559400
29-Nov-17,1194.800049,1161.27002,1194.800049,1145.189941,9257500
30-Nov-17,1167.099976,1176.75,1178.569946,1160,4509200
1-Dec-17,1172.050049,1162.349976,1179.650024,1152,4107100
4-Dec-17,1173.849976,1133.949951,1175.199951,1128,5931900
5-Dec-17,1128.26001,1141.569946,1159.27002,1124.73999,4079800
6-Dec-17,1137.98999,1152.349976,1155.890015,1136.079956,2853300
7-Dec-17,1156.589966,1159.790039,1163.189941,1151,2511600
8-Dec-17,1170.400024,1162,1172.790039,1157.099976,3050100
11-Dec-17,1164.599976,1168.920044,1169.900024,1157,2363500
12-Dec-17,1166.51001,1165.079956,1173.599976,1161.609985,2235900
13-Dec-17,1170,1164.130005,1170.869995,1160.27002,2616800
14-Dec-17,1163.709961,1174.26001,1177.930054,1162.449951,3214300
15-Dec-17,1179.030029,1179.140015,1182.75,1169.329956,4778600
18-Dec-17,1187.369995,1190.579956,1194.780029,1180.910034,2947600
19-Dec-17,1189.150024,1187.380005,1192.969971,1179.140015,2587800
20-Dec-17,1190.5,1177.619995,1191,1176,2371200
21-Dec-17,1175.900024,1174.76001,1179.170044,1167.640015,2123100
22-Dec-17,1172.079956,1168.359985,1174.619995,1167.829956,1585100
26-Dec-17,1168.359985,1176.76001,1178.319946,1160.550049,2005200
27-Dec-17,1179.910034,1182.26001,1187.290039,1175.609985,1867200
28-Dec-17,1189,1186.099976,1190.099976,1184.380005,1841700
29-Dec-17,1182.349976,1169.469971,1184,1167.5,2688400
2-Jan-18,1172,1189.01001,1190,1170.51001,2694500
3-Jan-18,1188.300049,1204.199951,1205.48999,1188.300049,3108800
4-Jan-18,1205,1209.589966,1215.869995,1204.660034,3022100
5-Jan-18,1217.51001,1229.140015,1229.140015,1210,3544700
8-Jan-18,1236,1246.869995,1253.079956,1232.030029,4279500
9-Jan-18,1256.900024,1252.699951,1259.329956,1241.76001,3661300
10-Jan-18,1245.150024,1254.329956,1254.329956,1237.22998,2686000
11-Jan-18,1259.73999,1276.680054,1276.77002,1256.459961,3125000
12-Jan-18,1273.390015,1305.199951,1305.76001,1273.390015,5443700
16-Jan-18,1323,1304.859985,1339.939941,1292.300049,7220700
17-Jan-18,1312.23999,1295,1314,1280.880005,5253800
18-Jan-18,1293.949951,1293.319946,1304.599976,1284.02002,4026900
19-Jan-18,1312,1294.579956,1313,1292.98999,4578500
22-Jan-18,1297.170044,1327.310059,1327.449951,1296.660034,4140100
23-Jan-18,1338.089966,1362.540039,1364.900024,1337.339966,5169300
24-Jan-18,1374.819946,1357.51001,1388.160034,1338,6807500
25-Jan-18,1368,1377.949951,1378.339966,1357.619995,4753000
26-Jan-18,1392.01001,1402.050049,1402.530029,1380.910034,4857300
29-Jan-18,1409.180054,1417.680054,1431.390015,1400.439941,5701900
30-Jan-18,1403.170044,1437.819946,1439.25,1392,5871900
31-Jan-18,1451.300049,1450.890015,1472.579956,1450.040039,6424700
1-Feb-18,1445,1390,1459.880005,1385.140015,9113800
2-Feb-18,1477.390015,1429.949951,1498,1414,11125700
5-Feb-18,1402.619995,1390,1458.97998,1320.719971,11495000
6-Feb-18,1361.459961,1442.839966,1443.98999,1351.790039,11066800
7-Feb-18,1449,1416.780029,1460.98999,1415.150024,7162700
8-Feb-18,1429.680054,1350.5,1433.75,1349.939941,8578600
9-Feb-18,1373.48999,1339.599976,1383.5,1265.930054,14141500
12-Feb-18,1364.670044,1386.22998,1393.810059,1344.01001,6738900
13-Feb-18,1385.930054,1414.51001,1419.719971,1383.530029,5917900
14-Feb-18,1406.25,1451.050049,1452.060059,1403.359985,5959200
15-Feb-18,1466.890015,1461.76001,1468.939941,1436.839966,5652700
16-Feb-18,1457.369995,1448.689941,1465.800049,1446.560059,4472600
20-Feb-18,1446.48999,1468.349976,1488.77002,1446.48999,6499200
21-Feb-18,1485,1482.920044,1503.48999,1478.920044,6304400
22-Feb-18,1495.359985,1485.339966,1502.540039,1475.76001,4858100
23-Feb-18,1495.339966,1500,1500,1486.5,4418100
26-Feb-18,1509.199951,1521.949951,1522.839966,1507,4955000
27-Feb-18,1524.5,1511.97998,1526.780029,1507.209961,4808800
28-Feb-18,1519.51001,1512.449951,1528.699951,1512,4515000
1-Mar-18,1513.599976,1493.449951,1518.48999,1465,6835200
2-Mar-18,1469.099976,1500.25,1501.050049,1455.01001,6587600
5-Mar-18,1494.23999,1523.609985,1525.380005,1481,5233900
6-Mar-18,1533.199951,1537.640015,1542.130005,1528,4561700
7-Mar-18,1526.52002,1545,1545.900024,1522.51001,4174100
8-Mar-18,1550,1551.859985,1554.880005,1545.25,3862600
9-Mar-18,1563.5,1578.890015,1578.939941,1559.079956,4534300
12-Mar-18,1592.599976,1598.390015,1605.329956,1586.699951,5174200
13-Mar-18,1615.959961,1588.180054,1617.540039,1578.01001,6531900
14-Mar-18,1597,1591,1606.439941,1590.890015,4259400
15-Mar-18,1595,1582.319946,1596.910034,1578.109985,4069700
16-Mar-18,1583.449951,1571.680054,1589.439941,1567.5,5425000
19-Mar-18,1554.530029,1544.930054,1561.660034,1525.349976,6580800
20-Mar-18,1550.339966,1586.51001,1587,1545.410034,4581600
21-Mar-18,1586.449951,1581.859985,1590,1563.170044,4750800
22-Mar-18,1565.469971,1544.920044,1573.849976,1542.400024,6320600
23-Mar-18,1539.01001,1495.560059,1549.02002,1495.359985,8006000
26-Mar-18,1530,1555.859985,1556.98999,1499.25,5624700
27-Mar-18,1572.400024,1497.050049,1575.969971,1482.319946,6999600
28-Mar-18,1447,1431.420044,1455.900024,1386.170044,13705300
29-Mar-18,1406,1447.339966,1455.469971,1365.199951,12581100
2-Apr-18,1417.619995,1371.98999,1421.359985,1355,10463600
3-Apr-18,1391.380005,1392.050049,1414,1355.329956,10231200
4-Apr-18,1358.23999,1410.569946,1415.390015,1352.880005,6982300
5-Apr-18,1441.98999,1451.75,1459.560059,1427.069946,6413500
6-Apr-18,1429.969971,1405.22998,1452.5,1400.26001,5882300
9-Apr-18,1425.030029,1406.079956,1438.47998,1402.569946,4208200
10-Apr-18,1431.98999,1436.219971,1438.380005,1415.699951,4254100
11-Apr-18,1439.439941,1427.050049,1448.780029,1424.890015,3582500
12-Apr-18,1439.5,1448.5,1452.119995,1435.060059,3135000
13-Apr-18,1449.140015,1430.790039,1459.780029,1424.52002,3685300
16-Apr-18,1445,1441.5,1447,1427.47998,2808600
17-Apr-18,1462.300049,1503.829956,1507.189941,1457.02002,5114400
18-Apr-18,1514.650024,1527.839966,1533.800049,1504.109985,5227500
19-Apr-18,1543.219971,1556.910034,1568.52002,1539.060059,6523700
20-Apr-18,1561.199951,1527.48999,1561.199951,1516.089966,5541600
23-Apr-18,1546.689941,1517.859985,1548,1503.410034,4465400
24-Apr-18,1535.800049,1460.089966,1539.5,1448.449951,7494700
25-Apr-18,1458,1460.170044,1469.98999,1415.02002,6587300
26-Apr-18,1485.01001,1517.959961,1529.420044,1478.5,8801100
27-Apr-18,1634.01001,1572.619995,1638.099976,1567.390015,13053200
30-Apr-18,1582.5,1566.130005,1596,1560.939941,5464100
1-May-18,1563.219971,1582.26001,1585,1552.180054,4572100
2-May-18,1580.97998,1569.680054,1588.5,1566.359985,4360300
3-May-18,1560.01001,1572.079956,1574.800049,1546.02002,4251900
4-May-18,1562.449951,1580.949951,1584.900024,1562.189941,3443600
7-May-18,1589.339966,1600.140015,1606.949951,1587.829956,3801900
8-May-18,1595,1592.390015,1596.880005,1582.51001,3067900
9-May-18,1600,1608,1608,1592,3637300
10-May-18,1608.47998,1609.079956,1615.599976,1603.439941,2817500
11-May-18,1610.98999,1602.910034,1611.099976,1597.890015,2263900
14-May-18,1604,1601.540039,1611.180054,1600.050049,2509500
15-May-18,1587.800049,1576.119995,1587.800049,1565.219971,5077500
16-May-18,1577.5,1587.280029,1594.430054,1576.670044,2570600
17-May-18,1580.560059,1581.76001,1594.040039,1573,2147600
18-May-18,1581.329956,1574.369995,1583.589966,1572.099976,2642600
21-May-18,1585,1585.459961,1592.050049,1575,2925200
22-May-18,1589.890015,1581.400024,1589.890015,1575.25,2115600
23-May-18,1571.050049,1601.859985,1601.859985,1566.339966,3361900
24-May-18,1598.030029,1603.069946,1608.23999,1588.380005,3430000
25-May-18,1603,1610.150024,1614.119995,1600.449951,2698400
29-May-18,1600.709961,1612.869995,1621.790039,1600.150024,3846500
30-May-18,1618.099976,1624.890015,1626,1612.930054,2907400
31-May-18,1623,1629.619995,1635,1621.349976,3166300
1-Jun-18,1637.030029,1641.540039,1646.72998,1635.089966,3313400
4-Jun-18,1648.900024,1665.27002,1665.680054,1645.48999,3187700
5-Jun-18,1672.98999,1696.349976,1699,1670.060059,4782200
6-Jun-18,1704.51001,1695.75,1714.5,1686.469971,5473200
7-Jun-18,1698.560059,1689.300049,1699.900024,1676.109985,3765700
8-Jun-18,1681.119995,1683.98999,1689.439941,1673.01001,2955100
11-Jun-18,1681.51001,1689.119995,1694.23999,1680.589966,2335500
12-Jun-18,1693,1698.75,1699.51001,1691.52002,2259200
13-Jun-18,1702.810059,1704.859985,1713.75,1700.119995,3327500
14-Jun-18,1713.47998,1723.859985,1724.800049,1708.869995,3174400
15-Jun-18,1714,1715.969971,1720.869995,1708.52002,4777600
18-Jun-18,1706.26001,1723.790039,1726.73999,1702.560059,3107700
19-Jun-18,1709.040039,1734.780029,1736.109985,1700.390015,4290100
20-Jun-18,1742.5,1750.079956,1762.930054,1741.359985,4332600
21-Jun-18,1760,1730.219971,1763.099976,1717.560059,4941100
22-Jun-18,1742.619995,1715.670044,1743,1711.900024,4075100
25-Jun-18,1702.51001,1663.150024,1705,1646.310059,7511200
26-Jun-18,1672.369995,1691.089966,1701.569946,1663.339966,4386600
27-Jun-18,1708.109985,1660.51001,1711.949951,1660,4872200
28-Jun-18,1672.540039,1701.449951,1705.5,1661.170044,4529700
29-Jun-18,1717,1699.800049,1723.410034,1694.319946,4543500
2-Jul-18,1682.699951,1713.780029,1713.890015,1678.060059,3185700
3-Jul-18,1723.959961,1693.959961,1725,1692.47998,2177300
5-Jul-18,1705.380005,1699.72998,1710.689941,1682.150024,2983100
6-Jul-18,1696,1710.630005,1715.27002,1691.670044,2650300
9-Jul-18,1724.050049,1739.02002,1739.560059,1716.22998,3012000
10-Jul-18,1738.530029,1743.069946,1750,1731,3002900
11-Jul-18,1737.98999,1755,1756.959961,1734,3209800
12-Jul-18,1764.51001,1796.619995,1798,1762.180054,4532700
13-Jul-18,1803.930054,1813.030029,1815.300049,1795.22998,4383200
16-Jul-18,1821.949951,1822.48999,1841.949951,1814.449951,5466200
17-Jul-18,1811.560059,1843.930054,1851.689941,1797.380005,5682900
18-Jul-18,1848,1842.920044,1858.880005,1831.27002,4861900
19-Jul-18,1829.459961,1812.969971,1841,1811.27002,4676900
20-Jul-18,1825.01001,1813.699951,1834.839966,1810.060059,3884400
23-Jul-18,1812.209961,1802,1819,1769.98999,3888500
24-Jul-18,1829.01001,1829.23999,1840,1809.380005,4278700
25-Jul-18,1829.300049,1863.609985,1863.839966,1822.640015,3738200
26-Jul-18,1839,1808,1844.680054,1804.5,9924400
27-Jul-18,1876.050049,1817.27002,1880.050049,1806.530029,9681000
30-Jul-18,1827.329956,1779.219971,1829.5,1766.02002,6562300
31-Jul-18,1786.48999,1777.439941,1801.829956,1739.319946,5738700
1-Aug-18,1784,1797.170044,1798.439941,1776.02002,4153100
2-Aug-18,1788.77002,1834.329956,1836.560059,1786,4354700
3-Aug-18,1837.73999,1823.290039,1841,1821.5,3460500
6-Aug-18,1825.810059,1847.75,1847.77002,1818.920044,3391800
7-Aug-18,1854.530029,1862.47998,1869.719971,1846.27002,3377500
8-Aug-18,1861,1886.52002,1891.51001,1854.5,3963000
9-Aug-18,1882,1898.52002,1914.569946,1877.47998,4860400
10-Aug-18,1888.51001,1886.300049,1899.5,1878.209961,3639900
13-Aug-18,1898.5,1896.199951,1925,1893.670044,5531500
14-Aug-18,1919.390015,1919.650024,1921.01001,1900,3986100
15-Aug-18,1909.550049,1882.619995,1916.209961,1869.790039,7700700
16-Aug-18,1903.939941,1886.52002,1905,1883.550049,3957100
17-Aug-18,1885.800049,1882.219971,1888,1855.550049,4104300
20-Aug-18,1890.569946,1876.709961,1891.75,1866.060059,2862000
21-Aug-18,1880,1883.420044,1897.75,1874.410034,3105600
22-Aug-18,1876.640015,1904.900024,1905.800049,1876.640015,3080500
23-Aug-18,1907.170044,1902.900024,1919.5,1900.76001,3563000
24-Aug-18,1910.51001,1905.390015,1916.01001,1902.540039,2800900
27-Aug-18,1915,1927.680054,1927.699951,1909.280029,3569000
28-Aug-18,1937.72998,1932.819946,1941.780029,1928.819946,3100700
29-Aug-18,1953.449951,1998.099976,1998.689941,1948.939941,6531800
30-Aug-18,1997.420044,2002.380005,2025.569946,1986.900024,7277300
31-Aug-18,2007,2012.709961,2022.380005,2004.73999,4204400
4-Sep-18,2026.5,2039.51001,2050.5,2013,5721100
5-Sep-18,2038.109985,1994.819946,2040.380005,1989.890015,8220600
6-Sep-18,2006.51001,1958.310059,2007.5,1935.209961,7488700
7-Sep-18,1938.709961,1952.069946,1975.199951,1937.349976,4892600
10-Sep-18,1971,1939.01001,1973.040039,1931.52002,4544800
11-Sep-18,1928.27002,1987.150024,1988.880005,1917,5033600
12-Sep-18,1994,1990,2000,1962.439941,4414000
13-Sep-18,2000,1989.869995,2008.76001,1982.030029,3621500
14-Sep-18,1992.930054,1970.189941,1993.650024,1959.219971,3642000
17-Sep-18,1954.72998,1908.030029,1956.819946,1887.410034,7050200
18-Sep-18,1918.650024,1941.050049,1958.199951,1915.439941,4268700
19-Sep-18,1940.5,1926.420044,1940.829956,1904.900024,4056800
20-Sep-18,1938.579956,1944.300049,1955,1932.25,3154900
21-Sep-18,1954.219971,1915.01001,1957.310059,1910.5,6855900
24-Sep-18,1903.790039,1934.359985,1936.880005,1865,4213700
25-Sep-18,1942.900024,1974.550049,1975.910034,1938.849976,4538400
26-Sep-18,1968.5,1974.849976,1995.25,1961.52002,4313500
27-Sep-18,1993.23999,2012.97998,2016.160034,1988.579956,4329400
28-Sep-18,2004.410034,2003,2026.52002,1996.459961,4085100
1-Oct-18,2021.98999,2004.359985,2033.189941,2003.599976,3460500
2-Oct-18,1999.98999,1971.310059,2013.390015,1965.77002,5400700
3-Oct-18,1981.699951,1952.76001,1989.699951,1949.810059,5253100
4-Oct-18,1949,1909.420044,1956,1896.569946,7257000
5-Oct-18,1917.98999,1889.650024,1929.079956,1862.829956,6822300
8-Oct-18,1874,1864.420044,1902,1830.660034,7393200
9-Oct-18,1859.98999,1870.319946,1896.680054,1852.319946,4772900
10-Oct-18,1857.890015,1755.25,1858.560059,1754.410034,10988900
11-Oct-18,1724,1719.359985,1755.400024,1685.099976,13935900
12-Oct-18,1808,1788.609985,1808.949951,1742.530029,9444600
15-Oct-18,1795,1760.949951,1795.050049,1734.22998,6437200
16-Oct-18,1783.5,1819.959961,1823.880005,1761.550049,5859900
17-Oct-18,1842.790039,1831.72998,1845,1807,5295200
18-Oct-18,1821.48999,1770.719971,1830.150024,1767.869995,5874000
19-Oct-18,1785.160034,1764.030029,1809.099976,1753,5907200
22-Oct-18,1784,1789.300049,1809.5,1756,4500000
23-Oct-18,1742.23999,1768.699951,1776.339966,1714,6723900
24-Oct-18,1773.699951,1664.199951,1777.709961,1656.560059,6928400
25-Oct-18,1703.339966,1782.170044,1794.810059,1692.01001,10285700
26-Oct-18,1649.589966,1642.810059,1698.459961,1603,14963800
29-Oct-18,1660,1538.880005,1665.73999,1495,13866100
30-Oct-18,1486.160034,1530.420044,1540.98999,1476.359985,12460100
31-Oct-18,1569.98999,1598.01001,1623.910034,1565.089966,9390200
1-Nov-18,1623.530029,1665.530029,1670.449951,1598.439941,8135500
2-Nov-18,1678.589966,1665.530029,1697.439941,1651.829956,6955500
5-Nov-18,1657.569946,1627.800049,1658.089966,1596.359985,5624700
6-Nov-18,1618.349976,1642.810059,1665,1614.550049,4257400
7-Nov-18,1673,1755.48999,1759.22998,1664.079956,8192200
8-Nov-18,1755,1754.910034,1784,1725.109985,6534900
9-Nov-18,1732.5,1712.430054,1743.920044,1701.869995,5902200
12-Nov-18,1698.23999,1636.849976,1708.550049,1630.01001,6806200
13-Nov-18,1649.290039,1631.170044,1677.060059,1613.75,5933300
14-Nov-18,1656.319946,1599.01001,1673,1597.069946,6486900
15-Nov-18,1581.01001,1619.439941,1624.819946,1546.51001,8427300
16-Nov-18,1587.5,1593.410034,1614.47998,1573.119995,6066100
19-Nov-18,1577.01001,1512.290039,1581.189941,1503.359985,7790000
20-Nov-18,1437.5,1495.459961,1534.75,1420,10878800
21-Nov-18,1542.98999,1516.72998,1550,1515,5716800
23-Nov-18,1517,1502.060059,1536.199951,1501.810059,2707600
26-Nov-18,1539,1581.329956,1584.810059,1524.219971,6257700
27-Nov-18,1575.98999,1581.420044,1597.650024,1558.01001,5783200
28-Nov-18,1613.920044,1677.75,1681.449951,1601.219971,8458700
29-Nov-18,1674.98999,1673.569946,1689.98999,1652.329956,6613200
30-Nov-18,1679.5,1690.170044,1696,1666.5,5761800
3-Dec-18,1769.459961,1772.359985,1778.339966,1730,6862300
4-Dec-18,1756,1668.400024,1770.339966,1665,8694500
6-Dec-18,1614.869995,1699.189941,1701.050049,1609.849976,8789400
7-Dec-18,1705.069946,1629.130005,1718.930054,1625.459961,7576100
10-Dec-18,1623.839966,1641.030029,1657.98999,1590.869995,7494800
11-Dec-18,1678,1643.23999,1679.469971,1619.599976,6244700
12-Dec-18,1669,1663.540039,1704.98999,1660.27002,6598000
13-Dec-18,1680,1658.380005,1692.119995,1641.5,5271300
14-Dec-18,1638,1591.910034,1642.569946,1585,6367200
17-Dec-18,1566,1520.910034,1576.130005,1505.01001,8829800
18-Dec-18,1540,1551.47998,1567.550049,1523.01001,6523000
19-Dec-18,1543.050049,1495.079956,1584.530029,1483.180054,8792200
20-Dec-18,1484,1460.829956,1509.5,1432.689941,9991800
21-Dec-18,1464.98999,1377.449951,1480,1363.959961,13640300
24-Dec-18,1346,1343.959961,1396.030029,1307,7220000
26-Dec-18,1368.890015,1470.900024,1473.160034,1363.01001,10411800
27-Dec-18,1454.199951,1461.640015,1469,1390.310059,9722000
28-Dec-18,1473.349976,1478.02002,1513.469971,1449,8829000
31-Dec-18,1510.800049,1501.969971,1520.76001,1487,6954500
2-Jan-19,1465.199951,1539.130005,1553.359985,1460.930054,7983100
3-Jan-19,1520.01001,1500.280029,1538,1497.109985,6975600
4-Jan-19,1530,1575.390015,1594,1518.310059,9182600
7-Jan-19,1602.310059,1629.51001,1634.560059,1589.189941,7993200
8-Jan-19,1664.689941,1656.579956,1676.609985,1616.609985,8881400
9-Jan-19,1652.97998,1659.420044,1667.800049,1641.400024,6348800
10-Jan-19,1641.01001,1656.219971,1663.25,1621.619995,6507700
11-Jan-19,1640.550049,1640.560059,1660.290039,1636.219971,4686200
14-Jan-19,1615,1617.209961,1648.199951,1595.150024,6005900
15-Jan-19,1632,1674.560059,1675.160034,1626.01001,5998500
16-Jan-19,1684.219971,1683.780029,1705,1675.880005,6366900
17-Jan-19,1680,1693.219971,1700.170044,1677.5,4208900
18-Jan-19,1712,1696.199951,1716.199951,1691.540039,6020500
22-Jan-19,1681,1632.170044,1681.869995,1610.199951,6416800
23-Jan-19,1656,1640.02002,1657.430054,1612,5225200
24-Jan-19,1641.069946,1654.930054,1657.26001,1631.780029,4089900
25-Jan-19,1670.5,1670.569946,1683.47998,1661.609985,4945900
28-Jan-19,1643.589966,1637.890015,1645,1614.089966,4837700
29-Jan-19,1631.27002,1593.880005,1632.380005,1590.719971,4632800
30-Jan-19,1623,1670.430054,1676.949951,1619.680054,5783800
31-Jan-19,1692.849976,1718.72998,1736.410034,1679.079956,10910300
1-Feb-19,1638.880005,1626.22998,1673.060059,1622.01001,11506200
4-Feb-19,1623,1633.310059,1649.630005,1613.5,4929100
5-Feb-19,1643.339966,1658.810059,1665.26001,1642.5,4453100
6-Feb-19,1670.75,1640.26001,1672.26001,1633.339966,3939900
7-Feb-19,1625,1614.369995,1625.540039,1592.910034,4626600
8-Feb-19,1586,1588.219971,1588.589966,1566.76001,5657500
11-Feb-19,1600.97998,1591,1609.290039,1586,3317300
12-Feb-19,1604,1638.01001,1639.400024,1598.880005,4858600
13-Feb-19,1647,1640,1656.380005,1637.109985,3560300
14-Feb-19,1624.5,1622.650024,1637.900024,1606.060059,4120500
15-Feb-19,1627.859985,1607.949951,1628.910034,1604.5,4343900
19-Feb-19,1601,1627.579956,1634,1600.560059,3681700
20-Feb-19,1630,1622.099976,1634.930054,1610.119995,3337600
21-Feb-19,1619.849976,1619.439941,1623.560059,1600.910034,3483400
22-Feb-19,1623.5,1631.560059,1634.939941,1621.170044,3096200
25-Feb-19,1641.449951,1633,1654.599976,1630.390015,3184500
26-Feb-19,1625.97998,1636.400024,1639.98999,1616.130005,2665800
27-Feb-19,1628.180054,1641.089966,1641.810059,1615.099976,3148800
28-Feb-19,1635.25,1639.829956,1651.77002,1633.829956,3025900
1-Mar-19,1655.130005,1671.72998,1674.26001,1651,4974900
4-Mar-19,1685,1696.170044,1709.430054,1674.359985,6167400
5-Mar-19,1702.949951,1692.430054,1707.800049,1689.01001,3681500
6-Mar-19,1695.969971,1668.949951,1697.75,1668.280029,3996000
7-Mar-19,1667.369995,1625.949951,1669.75,1620.51001,4957000
8-Mar-19,1604.01001,1620.800049,1622.719971,1586.569946,4667000
11-Mar-19,1626.119995,1670.619995,1672.290039,1626.01001,3876400
12-Mar-19,1669,1673.099976,1684.27002,1660.97998,3614500
13-Mar-19,1683,1690.810059,1700,1679.349976,3552000
14-Mar-19,1691.199951,1686.219971,1702,1684.339966,2946600
15-Mar-19,1703,1712.359985,1718.800049,1693.130005,7550900
18-Mar-19,1712.699951,1742.150024,1750,1712.630005,5429100
19-Mar-19,1753.51001,1761.849976,1784.160034,1753.51001,6364200
20-Mar-19,1769.939941,1797.27002,1799.5,1767.030029,6265600
21-Mar-19,1796.26001,1819.26001,1823.75,1787.280029,5767800
22-Mar-19,1810.170044,1764.77002,1818.97998,1763.109985,6363000
25-Mar-19,1757.790039,1774.26001,1782.680054,1747.5,5103800
26-Mar-19,1793,1783.76001,1805.77002,1773.359985,4865900
27-Mar-19,1784.130005,1765.699951,1787.5,1745.680054,4324800
28-Mar-19,1770,1773.420044,1777.930054,1753.469971,3043000
29-Mar-19,1786.579956,1780.75,1792.859985,1776.630005,3320800
1-Apr-19,1800.109985,1814.189941,1815.670044,1798.72998,4238800
2-Apr-19,1811.02002,1813.97998,1820,1805.119995,3448100
3-Apr-19,1826.719971,1820.699951,1830,1809.619995,3926100
4-Apr-19,1820.650024,1818.859985,1828.75,1804.199951,3623900
5-Apr-19,1829,1837.280029,1838.579956,1825.189941,3640500
8-Apr-19,1833.22998,1849.859985,1850.199951,1825.109985,3752800
9-Apr-19,1845.48999,1835.839966,1853.089966,1831.780029,3714400
10-Apr-19,1841,1847.329956,1848,1828.810059,2964000
11-Apr-19,1848.699951,1844.069946,1849.949951,1840.310059,2654800
12-Apr-19,1848.400024,1843.060059,1851.5,1841.300049,3114400
15-Apr-19,1842,1844.869995,1846.849976,1818.900024,3724400
16-Apr-19,1851.349976,1863.040039,1869.77002,1848,3044600
17-Apr-19,1872.98999,1864.819946,1876.469971,1860.439941,2893500
18-Apr-19,1868.790039,1861.689941,1870.819946,1859.47998,2749900
22-Apr-19,1855.400024,1887.310059,1888.420044,1845.640015,3373800
23-Apr-19,1891.199951,1923.77002,1929.26001,1889.579956,4640400
24-Apr-19,1925,1901.75,1929.689941,1898.160034,3675800
25-Apr-19,1917,1902.25,1922.449951,1900.310059,6099100
26-Apr-19,1929,1950.630005,1951,1898,8432600
29-Apr-19,1949,1938.430054,1956.339966,1934.089966,4021300
30-Apr-19,1930.099976,1926.52002,1935.709961,1906.949951,3506000
1-May-19,1933.089966,1911.52002,1943.640015,1910.550049,3117000
2-May-19,1913.329956,1900.819946,1921.550049,1881.869995,3962900
3-May-19,1949,1962.459961,1964.400024,1936,6381600
6-May-19,1917.97998,1950.550049,1959,1910.5,5417800
7-May-19,1939.98999,1921,1949.099976,1903.380005,5902100
8-May-19,1918.869995,1917.77002,1935.369995,1910,4078600
9-May-19,1900,1899.869995,1909.400024,1876,5308300
10-May-19,1898,1889.97998,1903.790039,1856,5718000
13-May-19,1836.560059,1822.680054,1846.540039,1818,5783400
14-May-19,1839.5,1840.119995,1852.439941,1815.75,4629100
15-May-19,1827.949951,1871.150024,1874.430054,1823,4692600
16-May-19,1885.939941,1907.569946,1917.51001,1882.290039,4707800
17-May-19,1893.050049,1869,1910.530029,1867.329956,4736600
20-May-19,1852.689941,1858.969971,1867.780029,1835.540039,3798200
21-May-19,1874.790039,1857.52002,1879,1846,4005100
22-May-19,1851.780029,1859.680054,1871.48999,1851,2936600
23-May-19,1836.589966,1815.47998,1844,1804.199951,4424300
24-May-19,1835.890015,1823.280029,1841.76001,1817.849976,3369700
28-May-19,1832.75,1836.430054,1849.27002,1827.349976,3200000
29-May-19,1823.119995,1819.189941,1830,1807.530029,4279000
30-May-19,1825.48999,1816.319946,1829.469971,1807.829956,3146900
31-May-19,1790.01001,1775.069946,1795.589966,1772.699951,4618800
3-Jun-19,1760.01001,1692.689941,1766.290039,1672,9098700
4-Jun-19,1699.23999,1729.560059,1730.819946,1680.890015,5679100
5-Jun-19,1749.599976,1738.5,1752,1715.25,4239800
6-Jun-19,1737.709961,1754.359985,1760,1726.130005,3689300
7-Jun-19,1763.699951,1804.030029,1806.25,1759.48999,4808200
10-Jun-19,1822,1860.630005,1884.869995,1818,5371000
11-Jun-19,1883.25,1863.699951,1893.699951,1858,4042700
12-Jun-19,1853.97998,1855.319946,1865,1844.380005,2678300
13-Jun-19,1866.719971,1870.300049,1883.089966,1862.219971,2795800
14-Jun-19,1864,1869.670044,1876,1859,2851200
17-Jun-19,1876.5,1886.030029,1895.689941,1875.449951,2634300
18-Jun-19,1901.349976,1901.369995,1921.670044,1899.790039,3895700
19-Jun-19,1907.839966,1908.790039,1919.579956,1892.469971,2895300
20-Jun-19,1933.329956,1918.189941,1935.199951,1905.800049,3217200
21-Jun-19,1916.099976,1911.300049,1925.949951,1907.579956,3933600
24-Jun-19,1912.660034,1913.900024,1916.859985,1901.300049,2283000
25-Jun-19,1911.839966,1878.27002,1916.390015,1872.420044,3012300
26-Jun-19,1892.47998,1897.829956,1903.800049,1887.319946,2441900
27-Jun-19,1902,1904.280029,1911.23999,1898.040039,2141700
28-Jun-19,1909.099976,1893.630005,1912.939941,1884,3037400